Name,Other,Team,Points,Count,Type,value,GW0.5,GW0,GW1,GW2,GW3,GW4,GW5,GW6,GW7,GW8,GW9,GW10,GW11,GW12,GW13,GW14,GW15,GW16,GW17,GW18,GW19,GW20,GW21,GW22,GW23,GW24,GW25,GW26,GW27,GW28,GW29,GW30,GW31,GW32,GW33,GW34,GW35,GW36,GW37,GW38,gw0.5
Aarons,,Norwich,0,6,Defend,,6.0,,,,,,,,,,,,,,,,,,,,,,,,,,,,,,,,,,,,,,,,5
Abraham,,Chelsea,0,3,Forward,,3.0,,,,,,,,,,,,,,,,,,,,,,,,,,,,,,,,,,,,,,,,0
Adam Smith,,Bournemouth,70,6,Defend,,6.0,,,,,,,,,,,,,,,,,,,,,,,,,,,,,,,,,,,,,,,,6
Adams,,Southampton,0,11,Forward,,11.0,,,,,,,,,,,,,,,,,,,,,,,,,,,,,,,,,,,,,,,,13
Aguero,,Man City,201,9,Forward,,9.0,,,,,,,,,,,,,,,,,,,,,,,,,,,,,,,,,,,,,,,,10
Ake,,Bournemouth,120,23,Defend,,23.0,,,,,,,,,,,,,,,,,,,,,,,,,,,,,,,,,,,,,,,,24
Albrighton,,Leicester,63,0,Midfield,,0.0,,,,,,,,,,,,,,,,,,,,,,,,,,,,,,,,,,,,,,,,3
Alderweireld,,Spurs,107,4,Defend,,4.0,,,,,,,,,,,,,,,,,,,,,,,,,,,,,,,,,,,,,,,,11
Alexander-Arnold,TAA,Liverpool,185,263,Defend,,263.0,,,,,,,,,,,,,,,,,,,,,,,,,,,,,,,,,,,,,,,,224
Alisson,,Liverpool,176,25,Goalkeeper,,25.0,,,,,,,,,,,,,,,,,,,,,,,,,,,,,,,,,,,,,,,,10
Alli,,Spurs,94,12,Midfield,,12.0,,,,,,,,,,,,,,,,,,,,,,,,,,,,,,,,,,,,,,,,18
Almiron,,Newcastle,28,0,Midfield,,1.0,,,,,,,,,,,,,,,,,,,,,,,,,,,,,,,,,,,,,,,,0
Alonso,,Chelsea,161,0,Defend,,0.0,,,,,,,,,,,,,,,,,,,,,,,,,,,,,,,,,,,,,,,,3
Amartey,,Leicester,15,0,Midfield,,0.0,,,,,,,,,,,,,,,,,,,,,,,,,,,,,,,,,,,,,,,,0
Amos,,Spurs,1,0,Midfield,,0.0,,,,,,,,,,,,,,,,,,,,,,,,,,,,,,,,,,,,,,,,0
Ampadu,,Chelsea,0,0,Midfield,,0.0,,,,,,,,,,,,,,,,,,,,,,,,,,,,,,,,,,,,,,,,0
Andone,,Brighton,38,0,Forward,,0.0,,,,,,,,,,,,,,,,,,,,,,,,,,,,,,,,,,,,,,,,6
Andre Gomes,,Everton,64,0,Midfield,,0.0,,,,,,,,,,,,,,,,,,,,,,,,,,,,,,,,,,,,,,,,1
Angelino,,Man City,0,1,Defend,,1.0,,,,,,,,,,,,,,,,,,,,,,,,,,,,,,,,,,,,,,,,0
Antonio,,West Ham,118,0,Midfield,,0.0,,,,,,,,,,,,,,,,,,,,,,,,,,,,,,,,,,,,,,,,0
Armstrong,,Southampton,75,0,Midfield,,0.0,,,,,,,,,,,,,,,,,,,,,,,,,,,,,,,,,,,,,,,,0
Arnautovic,,West Ham,117,0,Forward,,0.0,,,,,,,,,,,,,,,,,,,,,,,,,,,,,,,,,,,,,,,,0
Atsu,,Newcastle,55,0,Midfield,,0.0,,,,,,,,,,,,,,,,,,,,,,,,,,,,,,,,,,,,,,,,0
Aubameyang,,Arsenal,205,15,Forward,,15.0,,,,,,,,,,,,,,,,,,,,,,,,,,,,,,,,,,,,,,,,24
Aurier,,Spurs,24,3,Defend,,3.0,,,,,,,,,,,,,,,,,,,,,,,,,,,,,,,,,,,,,,,,6
Austin,,Southampton,46,0,Forward,,0.0,,,,,,,,,,,,,,,,,,,,,,,,,,,,,,,,,,,,,,,,2
Ayew,,Crystal Palace,46,2,Forward,,2.0,,,,,,,,,,,,,,,,,,,,,,,,,,,,,,,,,,,,,,,,0
Azpilicueta,,Chelsea,158,4,Defend,,4.0,,,,,,,,,,,,,,,,,,,,,,,,,,,,,,,,,,,,,,,,9
Bailly,,Man Utd,16,0,Defend,,0.0,,,,,,,,,,,,,,,,,,,,,,,,,,,,,,,,,,,,,,,,0
Baines,,Everton,7,0,Defend,,0.0,,,,,,,,,,,,,,,,,,,,,,,,,,,,,,,,,,,,,,,,0
Balbuena,,West Ham,61,0,Defend,,1.0,,,,,,,,,,,,,,,,,,,,,,,,,,,,,,,,,,,,,,,,2
Baldock,,Sheffield Utd,0,0,Defend,,0.0,,,,,,,,,,,,,,,,,,,,,,,,,,,,,,,,,,,,,,,,0
Balogun,,Brighton,15,0,Defend,,0.0,,,,,,,,,,,,,,,,,,,,,,,,,,,,,,,,,,,,,,,,0
Bardsley,,Burnley,33,0,Defend,,0.0,,,,,,,,,,,,,,,,,,,,,,,,,,,,,,,,,,,,,,,,0
Barkley,,Chelsea,79,290,Midfield,,290.0,,,,,,,,,,,,,,,,,,,,,,,,,,,,,,,,,,,,,,,,216
Barnes,,Leicester,43,3,Midfield,,3.0,,,,,,,,,,,,,,,,,,,,,,,,,,,,,,,,,,,,,,,,0
Barnes,,Burnley,122,3,Forward,,3.0,,,,,,,,,,,,,,,,,,,,,,,,,,,,,,,,,,,,,,,,0
Basham,,Sheffield Utd,0,0,Defend,,0.0,,,,,,,,,,,,,,,,,,,,,,,,,,,,,,,,,,,,,,,,0
Batshuayi,,Chelsea,48,0,Forward,,0.0,,,,,,,,,,,,,,,,,,,,,,,,,,,,,,,,,,,,,,,,2
Bednarek,,Southampton,49,3,Defend,,3.0,,,,,,,,,,,,,,,,,,,,,,,,,,,,,,,,,,,,,,,,4
Begovic,,Bournemouth,63,3,Goalkeeper,,3.0,,,,,,,,,,,,,,,,,,,,,,,,,,,,,,,,,,,,,,,,5
Bellerin,,Arsenal,60,0,Defend,,0.0,,,,,,,,,,,,,,,,,,,,,,,,,,,,,,,,,,,,,,,,0
Bennett,,Wolves,89,0,Defend,,0.0,,,,,,,,,,,,,,,,,,,,,,,,,,,,,,,,,,,,,,,,0
Benteke,,Crystal Palace,33,0,Forward,,0.0,,,,,,,,,,,,,,,,,,,,,,,,,,,,,,,,,,,,,,,,0
Bernard,,Everton,88,0,Midfield,,12.0,,,,,,,,,,,,,,,,,,,,,,,,,,,,,,,,,,,,,,,,0
Bernardo,,Brighton,39,12,Defend,,12.0,,,,,,,,,,,,,,,,,,,,,,,,,,,,,,,,,,,,,,,,10
Bernardo Silva,,Man City,154,11,Midfield,,11.0,,,,,,,,,,,,,,,,,,,,,,,,,,,,,,,,,,,,,,,,9
Bertrand,,Southampton,56,1,Defend,,1.0,,,,,,,,,,,,,,,,,,,,,,,,,,,,,,,,,,,,,,,,0
Billing,,Bournemouth,63,0,Midfield,,0.0,,,,,,,,,,,,,,,,,,,,,,,,,,,,,,,,,,,,,,,,0
Bissouma,,Brighton,43,0,Midfield,,0.0,,,,,,,,,,,,,,,,,,,,,,,,,,,,,,,,,,,,,,,,0
Bjarnason,,Aston Villa,0,0,Midfield,,0.0,,,,,,,,,,,,,,,,,,,,,,,,,,,,,,,,,,,,,,,,0
Boly,,Wolves,120,13,Defend,,13.0,,,,,,,,,,,,,,,,,,,,,,,,,,,,,,,,,,,,,,,,7
Bong,,Brighton,48,0,Defend,,0.0,,,,,,,,,,,,,,,,,,,,,,,,,,,,,,,,,,,,,,,,0
Boruc,,Bournemouth,46,0,Goalkeeper,,0.0,,,,,,,,,,,,,,,,,,,,,,,,,,,,,,,,,,,,,,,,0
Brady,,Burnley,20,0,Midfield,,0.0,,,,,,,,,,,,,,,,,,,,,,,,,,,,,,,,,,,,,,,,0
Bravo,,Man City,0,0,Goalkeeper,,0.0,,,,,,,,,,,,,,,,,,,,,,,,,,,,,,,,,,,,,,,,0
Brewster,,Liverpool,0,0,Forward,,0.0,,,,,,,,,,,,,,,,,,,,,,,,,,,,,,,,,,,,,,,,0
Brooks,,Bournemouth,123,5,Midfield,,5.0,,,,,,,,,,,,,,,,,,,,,,,,,,,,,,,,,,,,,,,,8
Buendia,,Norwich,0,0,Midfield,,1.0,,,,,,,,,,,,,,,,,,,,,,,,,,,,,,,,,,,,,,,,0
Burn,,Brighton,0,0,Defend,,4.0,,,,,,,,,,,,,,,,,,,,,,,,,,,,,,,,,,,,,,,,0
Button,,Brighton,15,245,Goalkeeper,,245.0,,,,,,,,,,,,,,,,,,,,,,,,,,,,,,,,,,,,,,,,208
Byram,,Norwich,0,0,Defend,,0.0,,,,,,,,,,,,,,,,,,,,,,,,,,,,,,,,,,,,,,,,0
Caballero,,Chelsea,13,0,Goalkeeper,,0.0,,,,,,,,,,,,,,,,,,,,,,,,,,,,,,,,,,,,,,,,0
Calvert-Lewin,,Everton,92,4,Forward,,4.0,,,,,,,,,,,,,,,,,,,,,,,,,,,,,,,,,,,,,,,,5
Camacho,,Liverpool,1,0,Midfield,,0.0,,,,,,,,,,,,,,,,,,,,,,,,,,,,,,,,,,,,,,,,0
Cantwell,,Norwich,0,0,Midfield,,0.0,,,,,,,,,,,,,,,,,,,,,,,,,,,,,,,,,,,,,,,,0
Capoue,,Watford,79,0,Midfield,,1.0,,,,,,,,,,,,,,,,,,,,,,,,,,,,,,,,,,,,,,,,0
Carlos Sanchez,,West Ham,9,0,Midfield,,0.0,,,,,,,,,,,,,,,,,,,,,,,,,,,,,,,,,,,,,,,,2
Cathcart,,Watford,93,100,Defend,,100.0,,,,,,,,,,,,,,,,,,,,,,,,,,,,,,,,,,,,,,,,90
Cavaleiro,,Wolves,48,0,Midfield,,0.0,,,,,,,,,,,,,,,,,,,,,,,,,,,,,,,,,,,,,,,,0
Ceballos,,Arsenal,0,0,Midfield,,3.0,,,,,,,,,,,,,,,,,,,,,,,,,,,,,,,,,,,,,,,,5
Cedric,,Southampton,52,0,Defend,,0.0,,,,,,,,,,,,,,,,,,,,,,,,,,,,,,,,,,,,,,,,0
Chalobah,,Watford,10,0,Midfield,,0.0,,,,,,,,,,,,,,,,,,,,,,,,,,,,,,,,,,,,,,,,0
Chamberlain,,Liverpool,2,0,Midfield,,0.0,,,,,,,,,,,,,,,,,,,,,,,,,,,,,,,,,,,,,,,,0
Chambers,,Arsenal,60,4,Defend,,4.0,,,,,,,,,,,,,,,,,,,,,,,,,,,,,,,,,,,,,,,,4
Chester,,Aston Villa,0,0,Defend,,0.0,,,,,,,,,,,,,,,,,,,,,,,,,,,,,,,,,,,,,,,,0
Chicharito,,West Ham,86,0,Forward,,0.0,,,,,,,,,,,,,,,,,,,,,,,,,,,,,,,,,,,,,,,,0
Chilwell,,Leicester,118,6,Defend,,6.0,,,,,,,,,,,,,,,,,,,,,,,,,,,,,,,,,,,,,,,,9
Chong,,Man Utd,2,0,Midfield,,0.0,,,,,,,,,,,,,,,,,,,,,,,,,,,,,,,,,,,,,,,,0
Choudhury,,Leicester,20,0,Midfield,,0.0,,,,,,,,,,,,,,,,,,,,,,,,,,,,,,,,,,,,,,,,2
Christensen,,Chelsea,22,0,Defend,,0.0,,,,,,,,,,,,,,,,,,,,,,,,,,,,,,,,,,,,,,,,0
Clark,,Newcastle,42,0,Defend,,0.0,,,,,,,,,,,,,,,,,,,,,,,,,,,,,,,,,,,,,,,,0
Clarke,,Brighton,0,0,Defend,,0.0,,,,,,,,,,,,,,,,,,,,,,,,,,,,,,,,,,,,,,,,0
Cleverley,,Watford,25,0,Midfield,,0.0,,,,,,,,,,,,,,,,,,,,,,,,,,,,,,,,,,,,,,,,0
Coady,,Wolves,94,0,Defend,,0.0,,,,,,,,,,,,,,,,,,,,,,,,,,,,,,,,,,,,,,,,0
Colback,,Newcastle,0,0,Midfield,,0.0,,,,,,,,,,,,,,,,,,,,,,,,,,,,,,,,,,,,,,,,0
Coleman,,Everton,125,89,Defend,,89.0,,,,,,,,,,,,,,,,,,,,,,,,,,,,,,,,,,,,,,,,85
Cork,,Burnley,87,0,Midfield,,0.0,,,,,,,,,,,,,,,,,,,,,,,,,,,,,,,,,,,,,,,,0
Costa,,Wolves,52,0,Midfield,,0.0,,,,,,,,,,,,,,,,,,,,,,,,,,,,,,,,,,,,,,,,0
Cresswell,,West Ham,34,0,Defend,,0.0,,,,,,,,,,,,,,,,,,,,,,,,,,,,,,,,,,,,,,,,0
Cutrone,,Wolves,0,1,Forward,,1.0,,,,,,,,,,,,,,,,,,,,,,,,,,,,,,,,,,,,,,,,3
Dahlberg,,Watford,0,0,Goalkeeper,,0.0,,,,,,,,,,,,,,,,,,,,,,,,,,,,,,,,,,,,,,,,0
Dalot,,Man Utd,27,0,Defend,,0.0,,,,,,,,,,,,,,,,,,,,,,,,,,,,,,,,,,,,,,,,0
Daniels,,Bournemouth,44,0,Defend,,0.0,,,,,,,,,,,,,,,,,,,,,,,,,,,,,,,,,,,,,,,,2
Danilo,,Man City,46,0,Defend,,0.0,,,,,,,,,,,,,,,,,,,,,,,,,,,,,,,,,,,,,,,,0
Dann,,Crystal Palace,23,0,Defend,,1.0,,,,,,,,,,,,,,,,,,,,,,,,,,,,,,,,,,,,,,,,0
Darlow,,Newcastle,0,0,Goalkeeper,,0.0,,,,,,,,,,,,,,,,,,,,,,,,,,,,,,,,,,,,,,,,0
Darmian,,Man Utd,14,0,Defend,,0.0,,,,,,,,,,,,,,,,,,,,,,,,,,,,,,,,,,,,,,,,0
David Luiz,,Chelsea,164,2,Defend,,2.0,,,,,,,,,,,,,,,,,,,,,,,,,,,,,,,,,,,,,,,,1
David Silva,,Man City,143,0,Midfield,,0.0,,,,,,,,,,,,,,,,,,,,,,,,,,,,,,,,,,,,,,,,3
Davies,,Spurs,66,3,Defend,,3.0,,,,,,,,,,,,,,,,,,,,,,,,,,,,,,,,,,,,,,,,3
Davies,,Everton,26,3,Midfield,,3.0,,,,,,,,,,,,,,,,,,,,,,,,,,,,,,,,,,,,,,,,3
Davis,,Aston Villa,0,0,Midfield,,0.0,,,,,,,,,,,,,,,,,,,,,,,,,,,,,,,,,,,,,,,,0
Dawson,,Watford,0,0,Defend,,0.0,,,,,,,,,,,,,,,,,,,,,,,,,,,,,,,,,,,,,,,,0
De Bruyne,KDB,Man City,59,245,Midfield,,245.0,,,,,,,,,,,,,,,,,,,,,,,,,,,,,,,,,,,,,,,,229
de Gea,,Man Utd,120,0,Goalkeeper,,0.0,,,,,,,,,,,,,,,,,,,,,,,,,,,,,,,,,,,,,,,,1
Deeney,,Watford,116,4,Forward,,4.0,,,,,,,,,,,,,,,,,,,,,,,,,,,,,,,,,,,,,,,,4
Defour,,Burnley,10,0,Midfield,,0.0,,,,,,,,,,,,,,,,,,,,,,,,,,,,,,,,,,,,,,,,0
Delph,,Everton,29,1,Defend,,1.0,,,,,,,,,,,,,,,,,,,,,,,,,,,,,,,,,,,,,,,,3
Dendoncker,,Wolves,48,186,Midfield,,186.0,,,,,,,,,,,,,,,,,,,,,,,,,,,,,,,,,,,,,,,,181
Deulofeu,,Watford,133,84,Forward,,84.0,,,,,,,,,,,,,,,,,,,,,,,,,,,,,,,,,,,,,,,,63
Diangana,,West Ham,25,0,Midfield,,0.0,,,,,,,,,,,,,,,,,,,,,,,,,,,,,,,,,,,,,,,,0
Dier,,Spurs,56,0,Midfield,,0.0,,,,,,,,,,,,,,,,,,,,,,,,,,,,,,,,,,,,,,,,0
Digne,,Everton,158,183,Defend,,183.0,,,,,,,,,,,,,,,,,,,,,,,,,,,,,,,,,,,,,,,,166
Diop,,West Ham,87,39,Defend,,39.0,,,,,,,,,,,,,,,,,,,,,,,,,,,,,,,,,,,,,,,,23
Djenepo,,Southampton,0,0,Midfield,,0.0,,,,,,,,,,,,,,,,,,,,,,,,,,,,,,,,,,,,,,,,0
Doherty,,Wolves,144,0,Defend,,0.0,,,,,,,,,,,,,,,,,,,,,,,,,,,,,,,,,,,,,,,,2
Doucoure,,Watford,124,0,Midfield,,0.0,,,,,,,,,,,,,,,,,,,,,,,,,,,,,,,,,,,,,,,,0
Douglas Luiz,,Aston Villa,0,0,Midfield,,0.0,,,,,,,,,,,,,,,,,,,,,,,,,,,,,,,,,,,,,,,,3
Dreher,,Crystal Palace,1,0,Midfield,,0.0,,,,,,,,,,,,,,,,,,,,,,,,,,,,,,,,,,,,,,,,0
Drinkwater,,Chelsea,0,0,Midfield,,1.0,,,,,,,,,,,,,,,,,,,,,,,,,,,,,,,,,,,,,,,,0
Drmic,,Norwich,0,0,Forward,,0.0,,,,,,,,,,,,,,,,,,,,,,,,,,,,,,,,,,,,,,,,0
Dubravka,,Newcastle,131,1,Goalkeeper,,1.0,,,,,,,,,,,,,,,,,,,,,,,,,,,,,,,,,,,,,,,,0
Duffy,,Brighton,115,5,Defend,,5.0,,,,,,,,,,,,,,,,,,,,,,,,,,,,,,,,,,,,,,,,0
Duffy,,Sheffield Utd,0,5,Midfield,,5.0,,,,,,,,,,,,,,,,,,,,,,,,,,,,,,,,,,,,,,,,0
Dummett,,Newcastle,67,0,Defend,,0.0,,,,,,,,,,,,,,,,,,,,,,,,,,,,,,,,,,,,,,,,0
Dunk,,Brighton,91,57,Defend,,57.0,,,,,,,,,,,,,,,,,,,,,,,,,,,,,,,,,,,,,,,,70
Eastwood,,Sheffield Utd,0,0,Goalkeeper,,0.0,,,,,,,,,,,,,,,,,,,,,,,,,,,,,,,,,,,,,,,,0
Ederson,,Man City,169,77,Goalkeeper,,77.0,,,,,,,,,,,,,,,,,,,,,,,,,,,,,,,,,,,,,,,,75
Egan,,Sheffield Utd,0,0,Defend,,0.0,,,,,,,,,,,,,,,,,,,,,,,,,,,,,,,,,,,,,,,,0
El Ghazi,,Aston Villa,0,0,Midfield,,0.0,,,,,,,,,,,,,,,,,,,,,,,,,,,,,,,,,,,,,,,,8
El Mohamady,,Aston Villa,0,0,Defend,,0.0,,,,,,,,,,,,,,,,,,,,,,,,,,,,,,,,,,,,,,,,3
Elneny,,Arsenal,10,0,Midfield,,0.0,,,,,,,,,,,,,,,,,,,,,,,,,,,,,,,,,,,,,,,,0
Elyounoussi,,Southampton,28,0,Midfield,,0.0,,,,,,,,,,,,,,,,,,,,,,,,,,,,,,,,,,,,,,,,0
Emerson,,Chelsea,22,2,Defend,,2.0,,,,,,,,,,,,,,,,,,,,,,,,,,,,,,,,,,,,,,,,10
Engels,,Aston Villa,0,0,Defend,,0.0,,,,,,,,,,,,,,,,,,,,,,,,,,,,,,,,,,,,,,,,0
Eriksen,,Spurs,161,8,Midfield,,8.0,,,,,,,,,,,,,,,,,,,,,,,,,,,,,,,,,,,,,,,,9
Evans,,Leicester,77,0,Defend,,0.0,,,,,,,,,,,,,,,,,,,,,,,,,,,,,,,,,,,,,,,,2
Fabianski,,West Ham,143,26,Goalkeeper,,26.0,,,,,,,,,,,,,,,,,,,,,,,,,,,,,,,,,,,,,,,,18
Fabinho,,Liverpool,65,0,Midfield,,0.0,,,,,,,,,,,,,,,,,,,,,,,,,,,,,,,,,,,,,,,,0
Fahrmann,,Norwich,0,0,Goalkeeper,,0.0,,,,,,,,,,,,,,,,,,,,,,,,,,,,,,,,,,,,,,,,6
Felipe Anderson,,West Ham,155,9,Midfield,,9.0,,,,,,,,,,,,,,,,,,,,,,,,,,,,,,,,,,,,,,,,8
Fernandez,,Newcastle,47,0,Defend,,0.0,,,,,,,,,,,,,,,,,,,,,,,,,,,,,,,,,,,,,,,,0
Fernandinho,,Man City,79,0,Midfield,,0.0,,,,,,,,,,,,,,,,,,,,,,,,,,,,,,,,,,,,,,,,0
Firmino,,Liverpool,160,7,Forward,,7.0,,,,,,,,,,,,,,,,,,,,,,,,,,,,,,,,,,,,,,,,7
Fleck,,Sheffield Utd,0,0,Midfield,,0.0,,,,,,,,,,,,,,,,,,,,,,,,,,,,,,,,,,,,,,,,0
Foden,,Man City,25,0,Midfield,,0.0,,,,,,,,,,,,,,,,,,,,,,,,,,,,,,,,,,,,,,,,0
Fornals,,West Ham,0,3,Midfield,,3.0,,,,,,,,,,,,,,,,,,,,,,,,,,,,,,,,,,,,,,,,7
Forster,,Southampton,2,1,Goalkeeper,,1.0,,,,,,,,,,,,,,,,,,,,,,,,,,,,,,,,,,,,,,,,0
Foster,,Watford,129,8,Goalkeeper,,8.0,,,,,,,,,,,,,,,,,,,,,,,,,,,,,,,,,,,,,,,,3
Foyth,,Spurs,35,2,Defend,,2.0,,,,,,,,,,,,,,,,,,,,,,,,,,,,,,,,,,,,,,,,0
Francis,,Bournemouth,40,0,Defend,,0.0,,,,,,,,,,,,,,,,,,,,,,,,,,,,,,,,,,,,,,,,0
Fraser,,Bournemouth,181,204,Midfield,,204.0,,,,,,,,,,,,,,,,,,,,,,,,,,,,,,,,,,,,,,,,171
Fred,,Man Utd,40,0,Midfield,,11.0,,,,,,,,,,,,,,,,,,,,,,,,,,,,,,,,,,,,,,,,0
Fredericks,,West Ham,38,10,Defend,,10.0,,,,,,,,,,,,,,,,,,,,,,,,,,,,,,,,,,,,,,,,0
Freeman,,Sheffield Utd,0,0,Defend,,0.0,,,,,,,,,,,,,,,,,,,,,,,,,,,,,,,,,,,,,,,,2
Freeman,,Sheffield Utd,0,0,Midfield,,0.0,,,,,,,,,,,,,,,,,,,,,,,,,,,,,,,,,,,,,,,,2
Fuchs,,Leicester,3,0,Defend,,0.0,,,,,,,,,,,,,,,,,,,,,,,,,,,,,,,,,,,,,,,,0
Gallagher,,Southampton,4,0,Forward,,0.0,,,,,,,,,,,,,,,,,,,,,,,,,,,,,,,,,,,,,,,,2
Garner,,Man Utd,1,0,Midfield,,0.0,,,,,,,,,,,,,,,,,,,,,,,,,,,,,,,,,,,,,,,,0
Gazzaniga,,Spurs,13,0,Goalkeeper,,0.0,,,,,,,,,,,,,,,,,,,,,,,,,,,,,,,,,,,,,,,,0
Ghezzal,,Leicester,28,0,Midfield,,0.0,,,,,,,,,,,,,,,,,,,,,,,,,,,,,,,,,,,,,,,,0
Gibbs-White,,Wolves,37,2,Midfield,,2.0,,,,,,,,,,,,,,,,,,,,,,,,,,,,,,,,,,,,,,,,0
Gibson,,Everton,0,0,Defend,,4.0,,,,,,,,,,,,,,,,,,,,,,,,,,,,,,,,,,,,,,,,0
Gibson,,Burnley,6,0,Defend,,4.0,,,,,,,,,,,,,,,,,,,,,,,,,,,,,,,,,,,,,,,,0
Giroud,,Chelsea,55,0,Forward,,0.0,,,,,,,,,,,,,,,,,,,,,,,,,,,,,,,,,,,,,,,,5
Godfrey,,Norwich,0,0,Defend,,0.0,,,,,,,,,,,,,,,,,,,,,,,,,,,,,,,,,,,,,,,,0
Gomes,,Man Utd,2,0,Midfield,,0.0,,,,,,,,,,,,,,,,,,,,,,,,,,,,,,,,,,,,,,,,0
Gomez,,Liverpool,55,1,Defend,,1.0,,,,,,,,,,,,,,,,,,,,,,,,,,,,,,,,,,,,,,,,4
Gosling,,Bournemouth,54,0,Midfield,,0.0,,,,,,,,,,,,,,,,,,,,,,,,,,,,,,,,,,,,,,,,0
Grant,,Man Utd,0,0,Goalkeeper,,0.0,,,,,,,,,,,,,,,,,,,,,,,,,,,,,,,,,,,,,,,,0
Gray,,Leicester,84,0,Midfield,,0.0,,,,,,,,,,,,,,,,,,,,,,,,,,,,,,,,,,,,,,,,0
Gray,,Watford,83,0,Forward,,0.0,,,,,,,,,,,,,,,,,,,,,,,,,,,,,,,,,,,,,,,,0
Grealish,,Aston Villa,0,15,Midfield,,15.0,,,,,,,,,,,,,,,,,,,,,,,,,,,,,,,,,,,,,,,,9
Green,,Aston Villa,0,0,Midfield,,317.0,,,,,,,,,,,,,,,,,,,,,,,,,,,,,,,,,,,,,,,,0
Greenwood,,Man Utd,4,315,Forward,,315.0,,,,,,,,,,,,,,,,,,,,,,,,,,,,,,,,,,,,,,,,260
Groa,,Brighton,80,0,Midfield,,0.0,,,,,,,,,,,,,,,,,,,,,,,,,,,,,,,,,,,,,,,,0
Guaita,,Crystal Palace,81,0,Goalkeeper,,0.0,,,,,,,,,,,,,,,,,,,,,,,,,,,,,,,,,,,,,,,,0
Gudmundsson,,Burnley,92,0,Midfield,,0.0,,,,,,,,,,,,,,,,,,,,,,,,,,,,,,,,,,,,,,,,0
Guendouzi,,Arsenal,47,0,Midfield,,3.0,,,,,,,,,,,,,,,,,,,,,,,,,,,,,,,,,,,,,,,,10
Gueye,,Everton,78,3,Midfield,,3.0,,,,,,,,,,,,,,,,,,,,,,,,,,,,,,,,,,,,,,,,0
Guilbert,,Aston Villa,0,14,Defend,,14.0,,,,,,,,,,,,,,,,,,,,,,,,,,,,,,,,,,,,,,,,3
Gundogan,,Man City,113,0,Midfield,,0.0,,,,,,,,,,,,,,,,,,,,,,,,,,,,,,,,,,,,,,,,0
Gunn,,Southampton,47,8,Goalkeeper,,8.0,,,,,,,,,,,,,,,,,,,,,,,,,,,,,,,,,,,,,,,,10
Haller,,West Ham,0,21,Forward,,21.0,,,,,,,,,,,,,,,,,,,,,,,,,,,,,,,,,,,,,,,,18
Hanley,,Norwich,0,5,Defend,,5.0,,,,,,,,,,,,,,,,,,,,,,,,,,,,,,,,,,,,,,,,0
Hart,,Burnley,69,3,Goalkeeper,,3.0,,,,,,,,,,,,,,,,,,,,,,,,,,,,,,,,,,,,,,,,3
Hause,,Aston Villa,0,0,Defend,,0.0,,,,,,,,,,,,,,,,,,,,,,,,,,,,,,,,,,,,,,,,0
Hayden,,Newcastle,69,32,Midfield,,32.0,,,,,,,,,,,,,,,,,,,,,,,,,,,,,,,,,,,,,,,,19
Heaton,,Aston Villa,58,23,Goalkeeper,,23.0,,,,,,,,,,,,,,,,,,,,,,,,,,,,,,,,,,,,,,,,16
Heise,,Norwich,0,0,Defend,,0.0,,,,,,,,,,,,,,,,,,,,,,,,,,,,,,,,,,,,,,,,0
Henderson,,Sheffield Utd,0,22,Goalkeeper,,22.0,,,,,,,,,,,,,,,,,,,,,,,,,,,,,,,,,,,,,,,,21
Henderson,,Liverpool,76,22,Midfield,,22.0,,,,,,,,,,,,,,,,,,,,,,,,,,,,,,,,,,,,,,,,21
Hendrick,,Burnley,73,0,Midfield,,0.0,,,,,,,,,,,,,,,,,,,,,,,,,,,,,,,,,,,,,,,,0
Hennessey,,Crystal Palace,67,0,Goalkeeper,,0.0,,,,,,,,,,,,,,,,,,,,,,,,,,,,,,,,,,,,,,,,0
Hernandez,,Norwich,0,0,Midfield,,0.0,,,,,,,,,,,,,,,,,,,,,,,,,,,,,,,,,,,,,,,,0
Hoedt,,Southampton,29,0,Defend,,0.0,,,,,,,,,,,,,,,,,,,,,,,,,,,,,,,,,,,,,,,,0
Hojbjerg,,Southampton,90,0,Midfield,,0.0,,,,,,,,,,,,,,,,,,,,,,,,,,,,,,,,,,,,,,,,2
Holding,,Arsenal,24,0,Defend,,0.0,,,,,,,,,,,,,,,,,,,,,,,,,,,,,,,,,,,,,,,,2
Holebas,,Watford,93,2,Defend,,2.0,,,,,,,,,,,,,,,,,,,,,,,,,,,,,,,,,,,,,,,,8
Holgate,,Everton,5,0,Defend,,0.0,,,,,,,,,,,,,,,,,,,,,,,,,,,,,,,,,,,,,,,,0
Hourihane,,Aston Villa,0,0,Midfield,,0.0,,,,,,,,,,,,,,,,,,,,,,,,,,,,,,,,,,,,,,,,0
Hudson-Odoi,,Chelsea,18,0,Midfield,,0.0,,,,,,,,,,,,,,,,,,,,,,,,,,,,,,,,,,,,,,,,0
Hughes,,Watford,87,0,Midfield,,0.0,,,,,,,,,,,,,,,,,,,,,,,,,,,,,,,,,,,,,,,,2
Ibe,,Bournemouth,33,0,Midfield,,0.0,,,,,,,,,,,,,,,,,,,,,,,,,,,,,,,,,,,,,,,,2
Iheanacho,,Leicester,58,0,Forward,,0.0,,,,,,,,,,,,,,,,,,,,,,,,,,,,,,,,,,,,,,,,0
Ings,,Southampton,90,25,Forward,,25.0,,,,,,,,,,,,,,,,,,,,,,,,,,,,,,,,,,,,,,,,29
Iwobi,,Arsenal,99,0,Midfield,,0.0,,,,,,,,,,,,,,,,,,,,,,,,,,,,,,,,,,,,,,,,2
Izquierdo,,Brighton,31,0,Midfield,,0.0,,,,,,,,,,,,,,,,,,,,,,,,,,,,,,,,,,,,,,,,0
Jagielka,,Sheffield Utd,22,0,Defend,,0.0,,,,,,,,,,,,,,,,,,,,,,,,,,,,,,,,,,,,,,,,0
Jahanbakhsh,,Brighton,33,0,Midfield,,0.0,,,,,,,,,,,,,,,,,,,,,,,,,,,,,,,,,,,,,,,,0
Jakupovic,,Leicester,0,0,Goalkeeper,,0.0,,,,,,,,,,,,,,,,,,,,,,,,,,,,,,,,,,,,,,,,0
James,,Man Utd,0,0,Midfield,,0.0,,,,,,,,,,,,,,,,,,,,,,,,,,,,,,,,,,,,,,,,2
James,,Leicester,0,0,Midfield,,0.0,,,,,,,,,,,,,,,,,,,,,,,,,,,,,,,,,,,,,,,,2
Janmaat,,Watford,50,0,Defend,,0.0,,,,,,,,,,,,,,,,,,,,,,,,,,,,,,,,,,,,,,,,0
Janssen,,Spurs,3,0,Forward,,0.0,,,,,,,,,,,,,,,,,,,,,,,,,,,,,,,,,,,,,,,,0
Jenkinson,,Arsenal,4,0,Defend,,0.0,,,,,,,,,,,,,,,,,,,,,,,,,,,,,,,,,,,,,,,,0
Jesus,,Man City,79,0,Forward,,0.0,,,,,,,,,,,,,,,,,,,,,,,,,,,,,,,,,,,,,,,,0
Jimenez,,Wolves,181,60,Forward,,60.0,,,,,,,,,,,,,,,,,,,,,,,,,,,,,,,,,,,,,,,,34
Joelinton,,Newcastle,0,0,Forward,,0.0,,,,,,,,,,,,,,,,,,,,,,,,,,,,,,,,,,,,,,,,6
Johnson,,West Ham,2,29,Defend,,29.0,,,,,,,,,,,,,,,,,,,,,,,,,,,,,,,,,,,,,,,,20
Johnson,,Southampton,1,29,Midfield,,29.0,,,,,,,,,,,,,,,,,,,,,,,,,,,,,,,,,,,,,,,,20
Jones,,Man Utd,43,0,Defend,,0.0,,,,,,,,,,,,,,,,,,,,,,,,,,,,,,,,,,,,,,,,0
Jonny,,Wolves,103,0,Defend,,0.0,,,,,,,,,,,,,,,,,,,,,,,,,,,,,,,,,,,,,,,,0
Jorginho,,Chelsea,96,19,Midfield,,19.0,,,,,,,,,,,,,,,,,,,,,,,,,,,,,,,,,,,,,,,,16
Joselu,,Newcastle,30,0,Forward,,0.0,,,,,,,,,,,,,,,,,,,,,,,,,,,,,,,,,,,,,,,,0
Jota,,Aston Villa,0,0,Midfield,,0.0,,,,,,,,,,,,,,,,,,,,,,,,,,,,,,,,,,,,,,,,0
Jota,,Wolves,139,100,Forward,,100.0,,,,,,,,,,,,,,,,,,,,,,,,,,,,,,,,,,,,,,,,105
Justin,,Leicester,0,0,Defend,,0.0,,,,,,,,,,,,,,,,,,,,,,,,,,,,,,,,,,,,,,,,0
Kabasele,,Watford,36,0,Defend,,0.0,,,,,,,,,,,,,,,,,,,,,,,,,,,,,,,,,,,,,,,,0
Kalinic,,Aston Villa,0,0,Goalkeeper,,0.0,,,,,,,,,,,,,,,,,,,,,,,,,,,,,,,,,,,,,,,,0
Kane,,Spurs,160,187,Forward,,187.0,,,,,,,,,,,,,,,,,,,,,,,,,,,,,,,,,,,,,,,,143
Kante,,Chelsea,116,0,Midfield,,1.0,,,,,,,,,,,,,,,,,,,,,,,,,,,,,,,,,,,,,,,,4
Kayal,,Brighton,36,0,Midfield,,0.0,,,,,,,,,,,,,,,,,,,,,,,,,,,,,,,,,,,,,,,,0
Keane,,Everton,129,0,Defend,,0.0,,,,,,,,,,,,,,,,,,,,,,,,,,,,,,,,,,,,,,,,2
Keita,,Liverpool,67,0,Midfield,,0.0,,,,,,,,,,,,,,,,,,,,,,,,,,,,,,,,,,,,,,,,0
Kelly,,Bournemouth,0,0,Defend,,0.0,,,,,,,,,,,,,,,,,,,,,,,,,,,,,,,,,,,,,,,,0
Kelly,,Crystal Palace,26,129,Defend,,129.0,,,,,,,,,,,,,,,,,,,,,,,,,,,,,,,,,,,,,,,,128
Kenedy,,Chelsea,50,0,Midfield,,0.0,,,,,,,,,,,,,,,,,,,,,,,,,,,,,,,,,,,,,,,,0
Kepa,,Chelsea,142,4,Goalkeeper,,4.0,,,,,,,,,,,,,,,,,,,,,,,,,,,,,,,,,,,,,,,,0
Ki Sung-yueng,,Newcastle,38,0,Midfield,,0.0,,,,,,,,,,,,,,,,,,,,,,,,,,,,,,,,,,,,,,,,1
Kiko Femenia,,Watford,66,0,Defend,,0.0,,,,,,,,,,,,,,,,,,,,,,,,,,,,,,,,,,,,,,,,3
Kilman,,Wolves,1,0,Defend,,0.0,,,,,,,,,,,,,,,,,,,,,,,,,,,,,,,,,,,,,,,,0
King,,Leicester,0,0,Midfield,,0.0,,,,,,,,,,,,,,,,,,,,,,,,,,,,,,,,,,,,,,,,0
King,,Bournemouth,141,291,Forward,,291.0,,,,,,,,,,,,,,,,,,,,,,,,,,,,,,,,,,,,,,,,255
Klose,,Norwich,0,0,Defend,,0.0,,,,,,,,,,,,,,,,,,,,,,,,,,,,,,,,,,,,,,,,0
Knockaert,,Brighton,74,0,Midfield,,0.0,,,,,,,,,,,,,,,,,,,,,,,,,,,,,,,,,,,,,,,,0
Kodjia,,Aston Villa,0,0,Forward,,0.0,,,,,,,,,,,,,,,,,,,,,,,,,,,,,,,,,,,,,,,,0
Kolasinac,,Arsenal,81,0,Defend,,1.0,,,,,,,,,,,,,,,,,,,,,,,,,,,,,,,,,,,,,,,,0
Konsa,,Aston Villa,0,0,Defend,,0.0,,,,,,,,,,,,,,,,,,,,,,,,,,,,,,,,,,,,,,,,0
Koscielny,,Arsenal,62,0,Defend,,0.0,,,,,,,,,,,,,,,,,,,,,,,,,,,,,,,,,,,,,,,,0
Kouyate,,Crystal Palace,67,0,Midfield,,0.0,,,,,,,,,,,,,,,,,,,,,,,,,,,,,,,,,,,,,,,,0
Kovacic,,Chelsea,64,0,Midfield,,0.0,,,,,,,,,,,,,,,,,,,,,,,,,,,,,,,,,,,,,,,,0
Krul,,Norwich,0,0,Goalkeeper,,0.0,,,,,,,,,,,,,,,,,,,,,,,,,,,,,,,,,,,,,,,,0
Lacazette,,Arsenal,166,9,Forward,,9.0,,,,,,,,,,,,,,,,,,,,,,,,,,,,,,,,,,,,,,,,11
Lallana,,Liverpool,23,0,Midfield,,0.0,,,,,,,,,,,,,,,,,,,,,,,,,,,,,,,,,,,,,,,,0
Lamela,,Spurs,67,0,Midfield,,0.0,,,,,,,,,,,,,,,,,,,,,,,,,,,,,,,,,,,,,,,,0
Lansbury,,Aston Villa,0,0,Midfield,,1.0,,,,,,,,,,,,,,,,,,,,,,,,,,,,,,,,,,,,,,,,0
Lanzini,,West Ham,31,4,Midfield,,4.0,,,,,,,,,,,,,,,,,,,,,,,,,,,,,,,,,,,,,,,,12
Laporte,,Man City,177,103,Defend,,103.0,,,,,,,,,,,,,,,,,,,,,,,,,,,,,,,,,,,,,,,,106
Lascelles,,Newcastle,95,6,Defend,,6.0,,,,,,,,,,,,,,,,,,,,,,,,,,,,,,,,,,,,,,,,0
Leitner,,Norwich,0,0,Midfield,,2.0,,,,,,,,,,,,,,,,,,,,,,,,,,,,,,,,,,,,,,,,0
Lejeune,,Newcastle,35,0,Defend,,0.0,,,,,,,,,,,,,,,,,,,,,,,,,,,,,,,,,,,,,,,,0
Lemina,,Southampton,50,0,Midfield,,0.0,,,,,,,,,,,,,,,,,,,,,,,,,,,,,,,,,,,,,,,,0
Lennon,,Burnley,41,0,Midfield,,0.0,,,,,,,,,,,,,,,,,,,,,,,,,,,,,,,,,,,,,,,,0
Leno,,Arsenal,106,1,Goalkeeper,,1.0,,,,,,,,,,,,,,,,,,,,,,,,,,,,,,,,,,,,,,,,2
Lerma,,Bournemouth,75,0,Midfield,,0.0,,,,,,,,,,,,,,,,,,,,,,,,,,,,,,,,,,,,,,,,0
Lewis,,Norwich,0,0,Defend,,0.0,,,,,,,,,,,,,,,,,,,,,,,,,,,,,,,,,,,,,,,,0
Lewis Cook,,Bournemouth,22,0,Midfield,,0.0,,,,,,,,,,,,,,,,,,,,,,,,,,,,,,,,,,,,,,,,1
Lindelof,,Man Utd,85,0,Defend,,0.0,,,,,,,,,,,,,,,,,,,,,,,,,,,,,,,,,,,,,,,,0
Lingard,,Man Utd,78,0,Midfield,,0.0,,,,,,,,,,,,,,,,,,,,,,,,,,,,,,,,,,,,,,,,0
Lloris,,Spurs,145,11,Goalkeeper,,11.0,,,,,,,,,,,,,,,,,,,,,,,,,,,,,,,,,,,,,,,,12
Locadia,,Brighton,52,2,Forward,,2.0,,,,,,,,,,,,,,,,,,,,,,,,,,,,,,,,,,,,,,,,4
Loftus-Cheek,,Chelsea,79,0,Midfield,,0.0,,,,,,,,,,,,,,,,,,,,,,,,,,,,,,,,,,,,,,,,0
Long,,Burnley,16,6,Defend,,6.0,,,,,,,,,,,,,,,,,,,,,,,,,,,,,,,,,,,,,,,,0
Long,,Southampton,66,6,Forward,,6.0,,,,,,,,,,,,,,,,,,,,,,,,,,,,,,,,,,,,,,,,0
Longstaff,,Newcastle,26,0,Midfield,,0.0,,,,,,,,,,,,,,,,,,,,,,,,,,,,,,,,,,,,,,,,0
Lookman,,Everton,34,0,Midfield,,0.0,,,,,,,,,,,,,,,,,,,,,,,,,,,,,,,,,,,,,,,,0
Lossl,,Everton,99,0,Goalkeeper,,0.0,,,,,,,,,,,,,,,,,,,,,,,,,,,,,,,,,,,,,,,,0
Lovren,,Liverpool,63,0,Defend,,0.0,,,,,,,,,,,,,,,,,,,,,,,,,,,,,,,,,,,,,,,,2
Lowton,,Burnley,34,0,Defend,,0.0,,,,,,,,,,,,,,,,,,,,,,,,,,,,,,,,,,,,,,,,0
Lucas Moura,,Spurs,131,5,Midfield,,5.0,,,,,,,,,,,,,,,,,,,,,,,,,,,,,,,,,,,,,,,,1
Lukaku,,Man Utd,115,0,Forward,,0.0,,,,,,,,,,,,,,,,,,,,,,,,,,,,,,,,,,,,,,,,2
Lundstram,,Sheffield Utd,0,128,Defend,,128.0,,,,,,,,,,,,,,,,,,,,,,,,,,,,,,,,,,,,,,,,125
Maddison,,Leicester,137,22,Midfield,,22.0,,,,,,,,,,,,,,,,,,,,,,,,,,,,,,,,,,,,,,,,18
Maguire,,Leicester,92,2,Defend,,2.0,,,,,,,,,,,,,,,,,,,,,,,,,,,,,,,,,,,,,,,,13
Mahrez,,Man City,102,0,Midfield,,0.0,,,,,,,,,,,,,,,,,,,,,,,,,,,,,,,,,,,,,,,,0
Maitland-Niles,AMN,Arsenal,34,0,Defend,,3.0,,,,,,,,,,,,,,,,,,,,,,,,,,,,,,,,,,,,,,,,0
Mane,,Liverpool,231,9,Midfield,,9.0,,,,,,,,,,,,,,,,,,,,,,,,,,,,,,,,,,,,,,,,18
Manquillo,,Newcastle,53,0,Defend,,0.0,,,,,,,,,,,,,,,,,,,,,,,,,,,,,,,,,,,,,,,,0
March,,Brighton,94,0,Midfield,,1.0,,,,,,,,,,,,,,,,,,,,,,,,,,,,,,,,,,,,,,,,7
Mariappa,,Watford,57,0,Defend,,0.0,,,,,,,,,,,,,,,,,,,,,,,,,,,,,,,,,,,,,,,,2
Martial,,Man Utd,122,14,Midfield,,14.0,,,,,,,,,,,,,,,,,,,,,,,,,,,,,,,,,,,,,,,,6
Martinez,,Arsenal,0,0,Goalkeeper,,0.0,,,,,,,,,,,,,,,,,,,,,,,,,,,,,,,,,,,,,,,,0
Masina,,Watford,26,0,Defend,,0.0,,,,,,,,,,,,,,,,,,,,,,,,,,,,,,,,,,,,,,,,0
Masuaku,,West Ham,49,0,Defend,,6.0,,,,,,,,,,,,,,,,,,,,,,,,,,,,,,,,,,,,,,,,3
Mata,,Man Utd,70,0,Midfield,,0.0,,,,,,,,,,,,,,,,,,,,,,,,,,,,,,,,,,,,,,,,0
Matic,,Man Utd,59,0,Midfield,,0.0,,,,,,,,,,,,,,,,,,,,,,,,,,,,,,,,,,,,,,,,0
Matip,,Liverpool,83,5,Defend,,5.0,,,,,,,,,,,,,,,,,,,,,,,,,,,,,,,,,,,,,,,,7
Mavropanos,,Arsenal,3,0,Defend,,0.0,,,,,,,,,,,,,,,,,,,,,,,,,,,,,,,,,,,,,,,,0
McArthur,,Crystal Palace,121,0,Midfield,,0.0,,,,,,,,,,,,,,,,,,,,,,,,,,,,,,,,,,,,,,,,0
McCarthy,,Southampton,73,0,Goalkeeper,,0.0,,,,,,,,,,,,,,,,,,,,,,,,,,,,,,,,,,,,,,,,5
McCarthy,,Everton,1,0,Midfield,,0.0,,,,,,,,,,,,,,,,,,,,,,,,,,,,,,,,,,,,,,,,5
McGinn,,Aston Villa,0,5,Midfield,,5.0,,,,,,,,,,,,,,,,,,,,,,,,,,,,,,,,,,,,,,,,4
McGoldrick,,Sheffield Utd,0,0,Forward,,0.0,,,,,,,,,,,,,,,,,,,,,,,,,,,,,,,,,,,,,,,,2
McGovern,,Norwich,0,8,Goalkeeper,,8.0,,,,,,,,,,,,,,,,,,,,,,,,,,,,,,,,,,,,,,,,8
McLean,,Norwich,0,0,Midfield,,0.0,,,,,,,,,,,,,,,,,,,,,,,,,,,,,,,,,,,,,,,,0
McNeil,,Burnley,75,1,Midfield,,1.0,,,,,,,,,,,,,,,,,,,,,,,,,,,,,,,,,,,,,,,,0
McTominay,,Man Utd,38,0,Midfield,,0.0,,,,,,,,,,,,,,,,,,,,,,,,,,,,,,,,,,,,,,,,0
Mee,,Burnley,81,0,Defend,,0.0,,,,,,,,,,,,,,,,,,,,,,,,,,,,,,,,,,,,,,,,2
Mendy,,Man City,59,5,Defend,,5.0,,,,,,,,,,,,,,,,,,,,,,,,,,,,,,,,,,,,,,,,6
Mendy,,Leicester,58,5,Midfield,,5.0,,,,,,,,,,,,,,,,,,,,,,,,,,,,,,,,,,,,,,,,6
Mepham,,Bournemouth,27,1,Defend,,1.0,,,,,,,,,,,,,,,,,,,,,,,,,,,,,,,,,,,,,,,,0
Meyer,,Crystal Palace,60,0,Midfield,,0.0,,,,,,,,,,,,,,,,,,,,,,,,,,,,,,,,,,,,,,,,2
Mignolet,,Liverpool,0,0,Goalkeeper,,0.0,,,,,,,,,,,,,,,,,,,,,,,,,,,,,,,,,,,,,,,,0
Milivojevic,,Crystal Palace,166,8,Midfield,,8.0,,,,,,,,,,,,,,,,,,,,,,,,,,,,,,,,,,,,,,,,8
Milner,,Liverpool,101,0,Midfield,,0.0,,,,,,,,,,,,,,,,,,,,,,,,,,,,,,,,,,,,,,,,0
Mina,,Everton,36,0,Defend,,0.0,,,,,,,,,,,,,,,,,,,,,,,,,,,,,,,,,,,,,,,,4
Mings,,Aston Villa,5,0,Defend,,0.0,,,,,,,,,,,,,,,,,,,,,,,,,,,,,,,,,,,,,,,,2
Mkhitaryan,,Arsenal,98,0,Midfield,,0.0,,,,,,,,,,,,,,,,,,,,,,,,,,,,,,,,,,,,,,,,0
Monreal,,Arsenal,77,0,Defend,,0.0,,,,,,,,,,,,,,,,,,,,,,,,,,,,,,,,,,,,,,,,0
Montoya,,Brighton,45,0,Defend,,0.0,,,,,,,,,,,,,,,,,,,,,,,,,,,,,,,,,,,,,,,,0
Moore,,Sheffield Utd,0,0,Goalkeeper,,0.0,,,,,,,,,,,,,,,,,,,,,,,,,,,,,,,,,,,,,,,,0
Morgan,,Leicester,76,2,Defend,,2.0,,,,,,,,,,,,,,,,,,,,,,,,,,,,,,,,,,,,,,,,0
Morrison,,Sheffield Utd,0,0,Midfield,,0.0,,,,,,,,,,,,,,,,,,,,,,,,,,,,,,,,,,,,,,,,0
Mount,,Chelsea,0,1,Midfield,,1.0,,,,,,,,,,,,,,,,,,,,,,,,,,,,,,,,,,,,,,,,2
Mousset,,Sheffield Utd,28,0,Forward,,0.0,,,,,,,,,,,,,,,,,,,,,,,,,,,,,,,,,,,,,,,,0
Moutinho,,Wolves,119,7,Midfield,,7.0,,,,,,,,,,,,,,,,,,,,,,,,,,,,,,,,,,,,,,,,7
Murphy,,Newcastle,16,0,Midfield,,0.0,,,,,,,,,,,,,,,,,,,,,,,,,,,,,,,,,,,,,,,,0
Murray,,Brighton,129,6,Forward,,6.0,,,,,,,,,,,,,,,,,,,,,,,,,,,,,,,,,,,,,,,,9
Mustafi,,Arsenal,80,0,Defend,,0.0,,,,,,,,,,,,,,,,,,,,,,,,,,,,,,,,,,,,,,,,2
Muto,,Newcastle,24,0,Forward,,0.0,,,,,,,,,,,,,,,,,,,,,,,,,,,,,,,,,,,,,,,,0
Navarro,,Watford,2,0,Defend,,0.0,,,,,,,,,,,,,,,,,,,,,,,,,,,,,,,,,,,,,,,,0
Ndidi,,Leicester,89,0,Midfield,,0.0,,,,,,,,,,,,,,,,,,,,,,,,,,,,,,,,,,,,,,,,0
Ndombele,,Spurs,0,3,Midfield,,3.0,,,,,,,,,,,,,,,,,,,,,,,,,,,,,,,,,,,,,,,,4
Neves,,Wolves,104,6,Midfield,,6.0,,,,,,,,,,,,,,,,,,,,,,,,,,,,,,,,,,,,,,,,7
Nketiah,,Arsenal,10,0,Forward,,22.0,,,,,,,,,,,,,,,,,,,,,,,,,,,,,,,,,,,,,,,,17
Noble,,West Ham,99,0,Midfield,,2.0,,,,,,,,,,,,,,,,,,,,,,,,,,,,,,,,,,,,,,,,6
Norris,,Wolves,1,0,Goalkeeper,,1.0,,,,,,,,,,,,,,,,,,,,,,,,,,,,,,,,,,,,,,,,6
Norwood,,Sheffield Utd,0,2,Midfield,,2.0,,,,,,,,,,,,,,,,,,,,,,,,,,,,,,,,,,,,,,,,4
Nyland,,Aston Villa,0,0,Goalkeeper,,0.0,,,,,,,,,,,,,,,,,,,,,,,,,,,,,,,,,,,,,,,,0
Obafemi,,Southampton,13,0,Forward,,0.0,,,,,,,,,,,,,,,,,,,,,,,,,,,,,,,,,,,,,,,,2
Obiang,,West Ham,43,0,Midfield,,0.0,,,,,,,,,,,,,,,,,,,,,,,,,,,,,,,,,,,,,,,,0
O'Connell,,Sheffield Utd,0,0,Defend,,3.0,,,,,,,,,,,,,,,,,,,,,,,,,,,,,,,,,,,,,,,,7
Ogbonna,,West Ham,48,0,Defend,,0.0,,,,,,,,,,,,,,,,,,,,,,,,,,,,,,,,,,,,,,,,0
Origi,,Liverpool,32,0,Forward,,1.0,,,,,,,,,,,,,,,,,,,,,,,,,,,,,,,,,,,,,,,,4
Oriol Romeu,,Southampton,55,1,Midfield,,1.0,,,,,,,,,,,,,,,,,,,,,,,,,,,,,,,,,,,,,,,,1
Osborn,,Sheffield Utd,0,0,Midfield,,0.0,,,,,,,,,,,,,,,,,,,,,,,,,,,,,,,,,,,,,,,,0
Otamendi,,Man City,70,0,Defend,,0.0,,,,,,,,,,,,,,,,,,,,,,,,,,,,,,,,,,,,,,,,0
ozil,,Arsenal,89,0,Midfield,,0.0,,,,,,,,,,,,,,,,,,,,,,,,,,,,,,,,,,,,,,,,0
Patricio,,Wolves,118,2,Goalkeeper,,2.0,,,,,,,,,,,,,,,,,,,,,,,,,,,,,,,,,,,,,,,,2
Pedro,,Chelsea,112,3,Midfield,,3.0,,,,,,,,,,,,,,,,,,,,,,,,,,,,,,,,,,,,,,,,6
Pereira,,Leicester,146,6,Defend,,6.0,,,,,,,,,,,,,,,,,,,,,,,,,,,,,,,,,,,,,,,,0
Pereira,,Man Utd,27,6,Midfield,,6.0,,,,,,,,,,,,,,,,,,,,,,,,,,,,,,,,,,,,,,,,0
Pereyra,,Watford,122,4,Midfield,,4.0,,,,,,,,,,,,,,,,,,,,,,,,,,,,,,,,,,,,,,,,9
Perez,,Leicester,141,212,Midfield,,212.0,,,,,,,,,,,,,,,,,,,,,,,,,,,,,,,,,,,,,,,,217
Pickford,,Everton,161,10,Goalkeeper,,10.0,,,,,,,,,,,,,,,,,,,,,,,,,,,,,,,,,,,,,,,,12
Pieters,,Burnley,0,0,Defend,,0.0,,,,,,,,,,,,,,,,,,,,,,,,,,,,,,,,,,,,,,,,0
Pogba,,Man Utd,179,19,Midfield,,19.0,,,,,,,,,,,,,,,,,,,,,,,,,,,,,,,,,,,,,,,,13
Pope,,Burnley,0,208,Goalkeeper,,208.0,,,,,,,,,,,,,,,,,,,,,,,,,,,,,,,,,,,,,,,,188
Prodl,,Watford,1,0,Defend,,0.0,,,,,,,,,,,,,,,,,,,,,,,,,,,,,,,,,,,,,,,,2
Propper,,Brighton,72,0,Midfield,,0.0,,,,,,,,,,,,,,,,,,,,,,,,,,,,,,,,,,,,,,,,0
Pukki,,Norwich,0,0,Forward,,0.0,,,,,,,,,,,,,,,,,,,,,,,,,,,,,,,,,,,,,,,,0
Pulisic,,Chelsea,0,24,Midfield,,24.0,,,,,,,,,,,,,,,,,,,,,,,,,,,,,,,,,,,,,,,,25
Quina,,Watford,17,0,Midfield,,0.0,,,,,,,,,,,,,,,,,,,,,,,,,,,,,,,,,,,,,,,,0
Ramsay,,Southampton,1,0,Defend,,0.0,,,,,,,,,,,,,,,,,,,,,,,,,,,,,,,,,,,,,,,,2
Rashford,,Man Utd,128,7,Forward,,7.0,,,,,,,,,,,,,,,,,,,,,,,,,,,,,,,,,,,,,,,,10
Redmond,,Southampton,137,4,Midfield,,4.0,,,,,,,,,,,,,,,,,,,,,,,,,,,,,,,,,,,,,,,,6
Reid,,West Ham,0,0,Defend,,1.0,,,,,,,,,,,,,,,,,,,,,,,,,,,,,,,,,,,,,,,,0
Rice,,West Ham,92,0,Midfield,,1.0,,,,,,,,,,,,,,,,,,,,,,,,,,,,,,,,,,,,,,,,0
Richarlison,,Everton,153,11,Midfield,,11.0,,,,,,,,,,,,,,,,,,,,,,,,,,,,,,,,,,,,,,,,17
Rico,,Bournemouth,8,25,Defend,,25.0,,,,,,,,,,,,,,,,,,,,,,,,,,,,,,,,,,,,,,,,19
Ritchie,,Newcastle,110,0,Defend,,0.0,,,,,,,,,,,,,,,,,,,,,,,,,,,,,,,,,,,,,,,,0
Roberto,,West Ham,0,0,Goalkeeper,,1.0,,,,,,,,,,,,,,,,,,,,,,,,,,,,,,,,,,,,,,,,0
Roberts,,Norwich,0,0,Midfield,,182.0,,,,,,,,,,,,,,,,,,,,,,,,,,,,,,,,,,,,,,,,0
Robertson,Robbo,Liverpool,213,302,Defend,,302.0,,,,,,,,,,,,,,,,,,,,,,,,,,,,,,,,,,,,,,,,267
Robinson,,Sheffield Utd,0,0,Midfield,,2.0,,,,,,,,,,,,,,,,,,,,,,,,,,,,,,,,,,,,,,,,2
Rodrigo,,Man City,0,0,Midfield,,0.0,,,,,,,,,,,,,,,,,,,,,,,,,,,,,,,,,,,,,,,,0
Rodriguez,,Burnley,0,0,Forward,,0.0,,,,,,,,,,,,,,,,,,,,,,,,,,,,,,,,,,,,,,,,0
Rojo,,Man Utd,2,0,Defend,,0.0,,,,,,,,,,,,,,,,,,,,,,,,,,,,,,,,,,,,,,,,0
Romero,,Man Utd,0,0,Goalkeeper,,0.0,,,,,,,,,,,,,,,,,,,,,,,,,,,,,,,,,,,,,,,,0
Rose,,Spurs,86,5,Defend,,5.0,,,,,,,,,,,,,,,,,,,,,,,,,,,,,,,,,,,,,,,,5
Ruddy,,Wolves,7,0,Goalkeeper,,0.0,,,,,,,,,,,,,,,,,,,,,,,,,,,,,,,,,,,,,,,,0
Rudiger,,Chelsea,116,0,Defend,,0.0,,,,,,,,,,,,,,,,,,,,,,,,,,,,,,,,,,,,,,,,0
Ryan,,Brighton,104,126,Goalkeeper,,126.0,,,,,,,,,,,,,,,,,,,,,,,,,,,,,,,,,,,,,,,,107
Saiss,,Wolves,47,0,Defend,,0.0,,,,,,,,,,,,,,,,,,,,,,,,,,,,,,,,,,,,,,,,0
Sakho,,Crystal Palace,88,0,Defend,,0.0,,,,,,,,,,,,,,,,,,,,,,,,,,,,,,,,,,,,,,,,0
Salah,,Liverpool,259,420,Midfield,,420.0,,,,,,,,,,,,,,,,,,,,,,,,,,,,,,,,,,,,,,,,351
Sanchez,,Spurs,78,0,Defend,,1.0,,,,,,,,,,,,,,,,,,,,,,,,,,,,,,,,,,,,,,,,3
Sanchez,,Man Utd,47,0,Midfield,,1.0,,,,,,,,,,,,,,,,,,,,,,,,,,,,,,,,,,,,,,,,3
Sane,,Man City,156,0,Midfield,,0.0,,,,,,,,,,,,,,,,,,,,,,,,,,,,,,,,,,,,,,,,4
Schar,,Newcastle,93,0,Defend,,0.0,,,,,,,,,,,,,,,,,,,,,,,,,,,,,,,,,,,,,,,,0
Schlupp,,Crystal Palace,91,0,Midfield,,0.0,,,,,,,,,,,,,,,,,,,,,,,,,,,,,,,,,,,,,,,,2
Schmeichel,,Leicester,120,3,Goalkeeper,,3.0,,,,,,,,,,,,,,,,,,,,,,,,,,,,,,,,,,,,,,,,5
Schneiderlin,,Everton,28,2,Midfield,,2.0,,,,,,,,,,,,,,,,,,,,,,,,,,,,,,,,,,,,,,,,0
Sema,,Watford,37,0,Midfield,,0.0,,,,,,,,,,,,,,,,,,,,,,,,,,,,,,,,,,,,,,,,0
Shaqiri,,Liverpool,88,0,Midfield,,0.0,,,,,,,,,,,,,,,,,,,,,,,,,,,,,,,,,,,,,,,,0
Sharp,,Sheffield Utd,0,3,Forward,,3.0,,,,,,,,,,,,,,,,,,,,,,,,,,,,,,,,,,,,,,,,0
Shaw,,Man Utd,91,0,Defend,,0.0,,,,,,,,,,,,,,,,,,,,,,,,,,,,,,,,,,,,,,,,3
Shelvey,,Newcastle,39,0,Midfield,,0.0,,,,,,,,,,,,,,,,,,,,,,,,,,,,,,,,,,,,,,,,0
Sigurdsson,Siggy,Everton,182,178,Midfield,,178.0,,,,,,,,,,,,,,,,,,,,,,,,,,,,,,,,,,,,,,,,139
Simpson,,Bournemouth,10,12,Defend,,12.0,,,,,,,,,,,,,,,,,,,,,,,,,,,,,,,,,,,,,,,,0
Sissoko,,Spurs,76,0,Midfield,,1.0,,,,,,,,,,,,,,,,,,,,,,,,,,,,,,,,,,,,,,,,4
Skipp,,Spurs,12,0,Midfield,,0.0,,,,,,,,,,,,,,,,,,,,,,,,,,,,,,,,,,,,,,,,0
Slattery,,Southampton,4,0,Midfield,,0.0,,,,,,,,,,,,,,,,,,,,,,,,,,,,,,,,,,,,,,,,0
Smalling,,Man Utd,56,0,Defend,,0.0,,,,,,,,,,,,,,,,,,,,,,,,,,,,,,,,,,,,,,,,0
Snodgrass,,West Ham,85,0,Midfield,,0.0,,,,,,,,,,,,,,,,,,,,,,,,,,,,,,,,,,,,,,,,0
Sokratis,,Arsenal,64,0,Defend,,0.0,,,,,,,,,,,,,,,,,,,,,,,,,,,,,,,,,,,,,,,,0
Solanke,,Bournemouth,15,0,Forward,,0.0,,,,,,,,,,,,,,,,,,,,,,,,,,,,,,,,,,,,,,,,0
Son,,Spurs,159,3,Midfield,,3.0,,,,,,,,,,,,,,,,,,,,,,,,,,,,,,,,,,,,,,,,0
Soyuncu,,Leicester,9,0,Defend,,0.0,,,,,,,,,,,,,,,,,,,,,,,,,,,,,,,,,,,,,,,,2
Srbeny,,Norwich,0,0,Forward,,0.0,,,,,,,,,,,,,,,,,,,,,,,,,,,,,,,,,,,,,,,,0
Stacey,,Bournemouth,0,0,Defend,,0.0,,,,,,,,,,,,,,,,,,,,,,,,,,,,,,,,,,,,,,,,0
Stanislas,,Bournemouth,56,0,Midfield,,0.0,,,,,,,,,,,,,,,,,,,,,,,,,,,,,,,,,,,,,,,,0
Stearman,,Sheffield Utd,0,0,Defend,,1.0,,,,,,,,,,,,,,,,,,,,,,,,,,,,,,,,,,,,,,,,5
Steer,,Aston Villa,0,1,Goalkeeper,,1.0,,,,,,,,,,,,,,,,,,,,,,,,,,,,,,,,,,,,,,,,0
Stekelenburg,,Everton,0,6,Goalkeeper,,6.0,,,,,,,,,,,,,,,,,,,,,,,,,,,,,,,,,,,,,,,,8
Stephens,,Southampton,47,13,Defend,,13.0,,,,,,,,,,,,,,,,,,,,,,,,,,,,,,,,,,,,,,,,0
Stephens,,Brighton,65,13,Midfield,,13.0,,,,,,,,,,,,,,,,,,,,,,,,,,,,,,,,,,,,,,,,0
Sterling,,Man City,234,322,Midfield,,322.0,,,,,,,,,,,,,,,,,,,,,,,,,,,,,,,,,,,,,,,,302
Steve Cook,,Bournemouth,85,0,Defend,,0.0,,,,,,,,,,,,,,,,,,,,,,,,,,,,,,,,,,,,,,,,1
Stevens,,Sheffield Utd,0,0,Defend,,0.0,,,,,,,,,,,,,,,,,,,,,,,,,,,,,,,,,,,,,,,,0
Stiepermann,,Norwich,0,0,Midfield,,0.0,,,,,,,,,,,,,,,,,,,,,,,,,,,,,,,,,,,,,,,,0
Stones,,Man City,83,7,Defend,,7.0,,,,,,,,,,,,,,,,,,,,,,,,,,,,,,,,,,,,,,,,9
Success,,Watford,42,0,Forward,,0.0,,,,,,,,,,,,,,,,,,,,,,,,,,,,,,,,,,,,,,,,0
Surman,,Bournemouth,36,0,Midfield,,0.0,,,,,,,,,,,,,,,,,,,,,,,,,,,,,,,,,,,,,,,,0
Surridge,,Bournemouth,2,0,Forward,,0.0,,,,,,,,,,,,,,,,,,,,,,,,,,,,,,,,,,,,,,,,0
Targett,,Aston Villa,36,6,Defend,,6.0,,,,,,,,,,,,,,,,,,,,,,,,,,,,,,,,,,,,,,,,0
Tarkowski,,Burnley,97,2,Defend,,2.0,,,,,,,,,,,,,,,,,,,,,,,,,,,,,,,,,,,,,,,,2
Taylor,,Aston Villa,0,24,Defend,,24.0,,,,,,,,,,,,,,,,,,,,,,,,,,,,,,,,,,,,,,,,10
Taylor,,Burnley,82,24,Defend,,24.0,,,,,,,,,,,,,,,,,,,,,,,,,,,,,,,,,,,,,,,,10
Tettey,,Norwich,0,0,Midfield,,0.0,,,,,,,,,,,,,,,,,,,,,,,,,,,,,,,,,,,,,,,,0
Tielemans,,Leicester,63,14,Midfield,,14.0,,,,,,,,,,,,,,,,,,,,,,,,,,,,,,,,,,,,,,,,14
Tomkins,,Crystal Palace,86,0,Defend,,0.0,,,,,,,,,,,,,,,,,,,,,,,,,,,,,,,,,,,,,,,,0
Torreira,,Arsenal,78,0,Midfield,,0.0,,,,,,,,,,,,,,,,,,,,,,,,,,,,,,,,,,,,,,,,0
Tosun,,Everton,56,0,Forward,,0.0,,,,,,,,,,,,,,,,,,,,,,,,,,,,,,,,,,,,,,,,0
Townsend,,Crystal Palace,135,4,Midfield,,4.0,,,,,,,,,,,,,,,,,,,,,,,,,,,,,,,,,,,,,,,,3
Traore,,Wolves,44,0,Midfield,,0.0,,,,,,,,,,,,,,,,,,,,,,,,,,,,,,,,,,,,,,,,0
Travers,,Bournemouth,9,0,Goalkeeper,,0.0,,,,,,,,,,,,,,,,,,,,,,,,,,,,,,,,,,,,,,,,0
Trezeguet,,Aston Villa,0,2,Midfield,,2.0,,,,,,,,,,,,,,,,,,,,,,,,,,,,,,,,,,,,,,,,0
Trippier,,Spurs,118,1,Defend,,1.0,,,,,,,,,,,,,,,,,,,,,,,,,,,,,,,,,,,,,,,,0
Trossard,,Brighton,0,6,Midfield,,6.0,,,,,,,,,,,,,,,,,,,,,,,,,,,,,,,,,,,,,,,,6
Trybull,,Norwich,0,0,Midfield,,0.0,,,,,,,,,,,,,,,,,,,,,,,,,,,,,,,,,,,,,,,,0
Tuanzebe,,Man Utd,0,0,Defend,,0.0,,,,,,,,,,,,,,,,,,,,,,,,,,,,,,,,,,,,,,,,0
Valery,,Southampton,54,0,Defend,,0.0,,,,,,,,,,,,,,,,,,,,,,,,,,,,,,,,,,,,,,,,0
Vallejo,,Wolves,0,0,Defend,,0.0,,,,,,,,,,,,,,,,,,,,,,,,,,,,,,,,,,,,,,,,0
van Aanholt,,Crystal Palace,140,0,Defend,,0.0,,,,,,,,,,,,,,,,,,,,,,,,,,,,,,,,,,,,,,,,1
van Dijk,VVD,Liverpool,208,194,Defend,,194.0,,,,,,,,,,,,,,,,,,,,,,,,,,,,,,,,,,,,,,,,166
Vardy,,Leicester,174,73,Forward,,73.0,,,,,,,,,,,,,,,,,,,,,,,,,,,,,,,,,,,,,,,,95
Vertonghen,,Spurs,67,5,Defend,,5.0,,,,,,,,,,,,,,,,,,,,,,,,,,,,,,,,,,,,,,,,4
Vestergaard,,Southampton,50,0,Defend,,0.0,,,,,,,,,,,,,,,,,,,,,,,,,,,,,,,,,,,,,,,,0
Vinagre,,Wolves,24,0,Defend,,0.0,,,,,,,,,,,,,,,,,,,,,,,,,,,,,,,,,,,,,,,,0
Vrancic,,Norwich,0,0,Midfield,,0.0,,,,,,,,,,,,,,,,,,,,,,,,,,,,,,,,,,,,,,,,0
Vydra,,Burnley,21,2,Forward,,2.0,,,,,,,,,,,,,,,,,,,,,,,,,,,,,,,,,,,,,,,,0
Walcott,,Everton,101,0,Midfield,,0.0,,,,,,,,,,,,,,,,,,,,,,,,,,,,,,,,,,,,,,,,0
Walker,,Man City,150,32,Defend,,32.0,,,,,,,,,,,,,,,,,,,,,,,,,,,,,,,,,,,,,,,,38
Walker-Peters,,Spurs,28,4,Defend,,4.0,,,,,,,,,,,,,,,,,,,,,,,,,,,,,,,,,,,,,,,,2
Wan-Bissaka,,Man Utd,120,9,Defend,,9.0,,,,,,,,,,,,,,,,,,,,,,,,,,,,,,,,,,,,,,,,9
Wanyama,,Spurs,24,0,Midfield,,0.0,,,,,,,,,,,,,,,,,,,,,,,,,,,,,,,,,,,,,,,,0
Ward,,Leicester,0,2,Goalkeeper,,2.0,,,,,,,,,,,,,,,,,,,,,,,,,,,,,,,,,,,,,,,,3
Ward,,Crystal Palace,13,2,Defend,,2.0,,,,,,,,,,,,,,,,,,,,,,,,,,,,,,,,,,,,,,,,3
Ward-Prowse,,Southampton,94,1,Midfield,,1.0,,,,,,,,,,,,,,,,,,,,,,,,,,,,,,,,,,,,,,,,0
Wesley,,Aston Villa,0,16,Forward,,16.0,,,,,,,,,,,,,,,,,,,,,,,,,,,,,,,,,,,,,,,,27
Westwood,,Burnley,111,0,Midfield,,0.0,,,,,,,,,,,,,,,,,,,,,,,,,,,,,,,,,,,,,,,,0
Wickham,,Crystal Palace,9,32,Forward,,32.0,,,,,,,,,,,,,,,,,,,,,,,,,,,,,,,,,,,,,,,,19
Wijnaldum,,Liverpool,108,2,Midfield,,2.0,,,,,,,,,,,,,,,,,,,,,,,,,,,,,,,,,,,,,,,,0
Willian,,Chelsea,108,0,Midfield,,1.0,,,,,,,,,,,,,,,,,,,,,,,,,,,,,,,,,,,,,,,,0
Wilshere,,West Ham,17,0,Midfield,,0.0,,,,,,,,,,,,,,,,,,,,,,,,,,,,,,,,,,,,,,,,0
Wilson,,Bournemouth,168,215,Forward,,215.0,,,,,,,,,,,,,,,,,,,,,,,,,,,,,,,,,,,,,,,,162
Winks,,Spurs,53,0,Midfield,,0.0,,,,,,,,,,,,,,,,,,,,,,,,,,,,,,,,,,,,,,,,0
Wood,,Burnley,131,25,Forward,,25.0,,,,,,,,,,,,,,,,,,,,,,,,,,,,,,,,,,,,,,,,14
Woodman,,Newcastle,0,12,Goalkeeper,,12.0,,,,,,,,,,,,,,,,,,,,,,,,,,,,,,,,,,,,,,,,11
Xande Silva,,West Ham,1,1,Forward,,1.0,,,,,,,,,,,,,,,,,,,,,,,,,,,,,,,,,,,,,,,,1
Xhaka,,Arsenal,90,0,Midfield,,0.0,,,,,,,,,,,,,,,,,,,,,,,,,,,,,,,,,,,,,,,,0
Yarmolenko,,West Ham,27,0,Midfield,,0.0,,,,,,,,,,,,,,,,,,,,,,,,,,,,,,,,,,,,,,,,0
Yedlin,,Newcastle,63,0,Defend,,0.0,,,,,,,,,,,,,,,,,,,,,,,,,,,,,,,,,,,,,,,,0
Yoshida,,Southampton,44,0,Defend,,0.0,,,,,,,,,,,,,,,,,,,,,,,,,,,,,,,,,,,,,,,,0
Young,,Man Utd,73,0,Defend,,0.0,,,,,,,,,,,,,,,,,,,,,,,,,,,,,,,,,,,,,,,,2
Zabaleta,,West Ham,56,0,Defend,,0.0,,,,,,,,,,,,,,,,,,,,,,,,,,,,,,,,,,,,,,,,0
Zaha,,Crystal Palace,143,119,Midfield,,119.0,,,,,,,,,,,,,,,,,,,,,,,,,,,,,,,,,,,,,,,,75
Zappacosta,,Chelsea,9,0,Defend,,0.0,,,,,,,,,,,,,,,,,,,,,,,,,,,,,,,,,,,,,,,,0
Zimmermann,,Norwich,0,0,Defend,,0.0,,,,,,,,,,,,,,,,,,,,,,,,,,,,,,,,,,,,,,,,0
Zinchenko,,Man City,44,284,Defend,,284.0,,,,,,,,,,,,,,,,,,,,,,,,,,,,,,,,,,,,,,,,215
Zouma,,Chelsea,112,8,Defend,,8.0,,,,,,,,,,,,,,,,,,,,,,,,,,,,,,,,,,,,,,,,6
